Scenario,Rule ID,Restaurant,Alert ID,NCR Ticket ID,Expected,Actual,Pass/Fail
UC-01 New violation no active case,,,,,New NCR ticket created; case=OPEN; ticket status=SUCCESS,,
UC-02 Same violation in cooldown same restaurants,,,,,No new email and no new NCR ticket,,
UC-03 Cooldown active new restaurant appears,,,,,Cooldown bypassed; new NCR ticket created,,
UC-04 Proactive script successful all targets,,,,,Immediate close behavior; no new ticket creation for this run,,
UC-05 Proactive script unsuccessful,,,,,NCR ticket created,,
UC-06 Proactive script timeout or stderr error,,,,,NCR ticket created,,
UC-07 Existing OPEN or CLOSING case same rule,,,,,No duplicate ticket creation,,
UC-08 No violations and open case exists,,,,,Close lambda invoked; case OPEN->CLOSING->CLOSED on NCR success,,
UC-09 No violations and NCR ticket id missing,,,,,Graceful skip/close handling; no crash,,
UC-10 NCR business failure on close,,,,,Failure logged; case not falsely marked CLOSED,,
CB-01 NCR IncidentUpdate callback received,,,,,Callback reaches API Gateway and is parsed correctly,,
CB-02 2-way create callback,,,,,NCR-initiated ticket creates new DynamoDB record,,
SYNC-01 Manual close reconciliation 1,,,,,Ticket manually closed in NCR appears in Athena; sync lambda marks local closed/resolved,,
SYNC-02 Manual close reconciliation 2,,,,,Ticket manually closed in NCR appears in Athena; sync lambda marks local closed/resolved,,
SYNC-03 Manual close reconciliation 3,,,,,Ticket manually closed in NCR appears in Athena; sync lambda marks local closed/resolved,,
DEDUPE-01 One ticket per restaurant,,,,,Separate ticket per restaurant; no bulk ticket,,
DEDUPE-02 Duplicate prevention with cooldown,,,,,Duplicate ticket prevented within cooldown window,,
SIGNOFF-01 NCR CERT sign-off,,,,,Formal CERT sign-off received from NCR integration team,,
